X_train,Y_train
0.0,0.0
0.5,1.0528111
1.0,1.682832
1.5,1.795037
2.0,1.4230793
2.5,1.8302916
3.0,1.9340575
3.5,1.917564
4.0,1.9511474
4.5,1.9917073
5.0,1.9846171
5.5,1.9795076
